,ch1_file,ch2_file,angle,shift
0,soundfiles//ch1//0_0_1000.wav,soundfiles//ch2//0_0_1000.wav,98.15445745097063,-18
1,soundfiles//ch1//1_0_1000.wav,soundfiles//ch2//1_0_1000.wav,73.09679574654149,37
2,soundfiles//ch1//2_0_1000.wav,soundfiles//ch2//2_0_1000.wav,35.87615297322442,104
3,soundfiles//ch1//3_0_1000.wav,soundfiles//ch2//3_0_1000.wav,49.941020790393715,82
4,soundfiles//ch1//4_0_1000.wav,soundfiles//ch2//4_0_1000.wav,90.4909874821554,-1
5,soundfiles//ch1//5_0_1000.wav,soundfiles//ch2//5_0_1000.wav,130.5604946212529,-83
6,soundfiles//ch1//6_0_1000.wav,soundfiles//ch2//6_0_1000.wav,69.0137934384399,46
7,soundfiles//ch1//7_0_1000.wav,soundfiles//ch2//7_0_1000.wav,112.94965019862377,-50
8,soundfiles//ch1//8_0_1000.wav,soundfiles//ch2//8_0_1000.wav,172.1881976049301,-127
9,soundfiles//ch1//9_0_1000.wav,soundfiles//ch2//9_0_1000.wav,118.59693028455784,-61
10,soundfiles//ch1//0_10000_11000.wav,soundfiles//ch2//0_10000_11000.wav,26.41429676904762,115
11,soundfiles//ch1//1_10000_11000.wav,soundfiles//ch2//1_10000_11000.wav,146.93839195864612,-107
12,soundfiles//ch1//2_10000_11000.wav,soundfiles//ch2//2_10000_11000.wav,122.64203772940212,-69
13,soundfiles//ch1//3_10000_11000.wav,soundfiles//ch2//3_10000_11000.wav,84.08305231416794,13
14,soundfiles//ch1//4_10000_11000.wav,soundfiles//ch2//4_10000_11000.wav,32.894615179137965,107
15,soundfiles//ch1//5_10000_11000.wav,soundfiles//ch2//5_10000_11000.wav,54.95748717017263,73
16,soundfiles//ch1//6_10000_11000.wav,soundfiles//ch2//6_10000_11000.wav,165.14131549933413,-124
17,soundfiles//ch1//7_10000_11000.wav,soundfiles//ch2//7_10000_11000.wav,0.08534171355407008,128
18,soundfiles//ch1//8_10000_11000.wav,soundfiles//ch2//8_10000_11000.wav,45.09515700727038,90
19,soundfiles//ch1//9_10000_11000.wav,soundfiles//ch2//9_10000_11000.wav,136.17026497757382,-92
20,soundfiles//ch1//0_1000_2000.wav,soundfiles//ch2//0_1000_2000.wav,6.339294127189771,127
21,soundfiles//ch1//1_1000_2000.wav,soundfiles//ch2//1_1000_2000.wav,27.57128256711025,113
22,soundfiles//ch1//2_1000_2000.wav,soundfiles//ch2//2_1000_2000.wav,129.8387220055966,-82
23,soundfiles//ch1//3_1000_2000.wav,soundfiles//ch2//3_1000_2000.wav,150.04996879931846,-111
24,soundfiles//ch1//4_1000_2000.wav,soundfiles//ch2//4_1000_2000.wav,13.494740472958696,125
25,soundfiles//ch1//5_1000_2000.wav,soundfiles//ch2//5_1000_2000.wav,34.659356573596874,105
26,soundfiles//ch1//6_1000_2000.wav,soundfiles//ch2//6_1000_2000.wav,49.978305770367456,82
27,soundfiles//ch1//7_1000_2000.wav,soundfiles//ch2//7_1000_2000.wav,0.04136407602813777,128
28,soundfiles//ch1//8_1000_2000.wav,soundfiles//ch2//8_1000_2000.wav,139.07907992565038,-97
29,soundfiles//ch1//9_1000_2000.wav,soundfiles//ch2//9_1000_2000.wav,59.70235467435059,64
30,soundfiles//ch1//0_11000_12000.wav,soundfiles//ch2//0_11000_12000.wav,146.8190731891125,-107
31,soundfiles//ch1//1_11000_12000.wav,soundfiles//ch2//1_11000_12000.wav,27.512719747676762,114
32,soundfiles//ch1//2_11000_12000.wav,soundfiles//ch2//2_11000_12000.wav,174.4462557705559,-127
33,soundfiles//ch1//3_11000_12000.wav,soundfiles//ch2//3_11000_12000.wav,48.31940839078309,85
34,soundfiles//ch1//4_11000_12000.wav,soundfiles//ch2//4_11000_12000.wav,120.18156815806748,-64
35,soundfiles//ch1//5_11000_12000.wav,soundfiles//ch2//5_11000_12000.wav,146.55589650064417,-107
36,soundfiles//ch1//6_11000_12000.wav,soundfiles//ch2//6_11000_12000.wav,105.21818020289275,-33
37,soundfiles//ch1//7_11000_12000.wav,soundfiles//ch2//7_11000_12000.wav,151.77411894192596,-113
38,soundfiles//ch1//8_11000_12000.wav,soundfiles//ch2//8_11000_12000.wav,92.10933908166727,-4
39,soundfiles//ch1//9_11000_12000.wav,soundfiles//ch2//9_11000_12000.wav,133.1223377530705,-87
40,soundfiles//ch1//0_12000_13000.wav,soundfiles//ch2//0_12000_13000.wav,50.27924580180724,82
41,soundfiles//ch1//1_12000_13000.wav,soundfiles//ch2//1_12000_13000.wav,73.90029982879813,35
42,soundfiles//ch1//2_12000_13000.wav,soundfiles//ch2//2_12000_13000.wav,33.725238530229646,106
43,soundfiles//ch1//3_12000_13000.wav,soundfiles//ch2//3_12000_13000.wav,122.7814424712984,-69
44,soundfiles//ch1//4_12000_13000.wav,soundfiles//ch2//4_12000_13000.wav,2.6847121219314176,128
45,soundfiles//ch1//5_12000_13000.wav,soundfiles//ch2//5_12000_13000.wav,160.81215013416877,-121
46,soundfiles//ch1//6_12000_13000.wav,soundfiles//ch2//6_12000_13000.wav,142.51700981083937,-102
47,soundfiles//ch1//7_12000_13000.wav,soundfiles//ch2//7_12000_13000.wav,8.891192086577398,127
48,soundfiles//ch1//8_12000_13000.wav,soundfiles//ch2//8_12000_13000.wav,152.06853867096177,-113
49,soundfiles//ch1//9_12000_13000.wav,soundfiles//ch2//9_12000_13000.wav,162.01171059111905,-122
50,soundfiles//ch1//0_13000_14000.wav,soundfiles//ch2//0_13000_14000.wav,89.42358084196165,1
51,soundfiles//ch1//1_13000_14000.wav,soundfiles//ch2//1_13000_14000.wav,135.0907880723294,-91
52,soundfiles//ch1//2_13000_14000.wav,soundfiles//ch2//2_13000_14000.wav,135.66459337722853,-91
53,soundfiles//ch1//3_13000_14000.wav,soundfiles//ch2//3_13000_14000.wav,25.29450174813823,116
54,soundfiles//ch1//4_13000_14000.wav,soundfiles//ch2//4_13000_14000.wav,12.843557360236995,125
55,soundfiles//ch1//5_13000_14000.wav,soundfiles//ch2//5_13000_14000.wav,60.3763761883093,63
56,soundfiles//ch1//6_13000_14000.wav,soundfiles//ch2//6_13000_14000.wav,80.24218880327007,21
57,soundfiles//ch1//7_13000_14000.wav,soundfiles//ch2//7_13000_14000.wav,80.80948058851617,20
58,soundfiles//ch1//8_13000_14000.wav,soundfiles//ch2//8_13000_14000.wav,20.22757971130712,120
59,soundfiles//ch1//9_13000_14000.wav,soundfiles//ch2//9_13000_14000.wav,95.62310350440335,-12
60,soundfiles//ch1//0_14000_15000.wav,soundfiles//ch2//0_14000_15000.wav,59.72307399205557,64
61,soundfiles//ch1//1_14000_15000.wav,soundfiles//ch2//1_14000_15000.wav,157.43325407944644,-118
62,soundfiles//ch1//2_14000_15000.wav,soundfiles//ch2//2_14000_15000.wav,123.46771387616312,-70
63,soundfiles//ch1//3_14000_15000.wav,soundfiles//ch2//3_14000_15000.wav,62.11669168498849,60
64,soundfiles//ch1//4_14000_15000.wav,soundfiles//ch2//4_14000_15000.wav,169.72909180267482,-126
65,soundfiles//ch1//5_14000_15000.wav,soundfiles//ch2//5_14000_15000.wav,1.3888422052010598,128
66,soundfiles//ch1//6_14000_15000.wav,soundfiles//ch2//6_14000_15000.wav,62.42451941151359,59
67,soundfiles//ch1//7_14000_15000.wav,soundfiles//ch2//7_14000_15000.wav,137.58868509090237,-94
68,soundfiles//ch1//8_14000_15000.wav,soundfiles//ch2//8_14000_15000.wav,101.36667431607293,-25
69,soundfiles//ch1//9_14000_15000.wav,soundfiles//ch2//9_14000_15000.wav,136.55282923971805,-93
70,soundfiles//ch1//0_15000_16000.wav,soundfiles//ch2//0_15000_16000.wav,50.45332924567625,81
71,soundfiles//ch1//1_15000_16000.wav,soundfiles//ch2//1_15000_16000.wav,94.61179641641252,-10
72,soundfiles//ch1//2_15000_16000.wav,soundfiles//ch2//2_15000_16000.wav,128.32392820392252,-79
73,soundfiles//ch1//3_15000_16000.wav,soundfiles//ch2//3_15000_16000.wav,7.547903189726482,127
74,soundfiles//ch1//4_15000_16000.wav,soundfiles//ch2//4_15000_16000.wav,44.523552113205305,91
75,soundfiles//ch1//5_15000_16000.wav,soundfiles//ch2//5_15000_16000.wav,56.68684326265463,70
76,soundfiles//ch1//6_15000_16000.wav,soundfiles//ch2//6_15000_16000.wav,36.12826343052217,103
77,soundfiles//ch1//7_15000_16000.wav,soundfiles//ch2//7_15000_16000.wav,65.21949398731795,53
78,soundfiles//ch1//8_15000_16000.wav,soundfiles//ch2//8_15000_16000.wav,55.491323383469656,72
79,soundfiles//ch1//9_15000_16000.wav,soundfiles//ch2//9_15000_16000.wav,170.6671163740961,-126
80,soundfiles//ch1//0_16000_17000.wav,soundfiles//ch2//0_16000_17000.wav,17.427237788810878,122
81,soundfiles//ch1//1_16000_17000.wav,soundfiles//ch2//1_16000_17000.wav,165.0531796996003,-124
82,soundfiles//ch1//2_16000_17000.wav,soundfiles//ch2//2_16000_17000.wav,30.6871325133063,110
83,soundfiles//ch1//3_16000_17000.wav,soundfiles//ch2//3_16000_17000.wav,134.55371774971678,-90
84,soundfiles//ch1//4_16000_17000.wav,soundfiles//ch2//4_16000_17000.wav,137.75612192210986,-95
85,soundfiles//ch1//5_16000_17000.wav,soundfiles//ch2//5_16000_17000.wav,117.9372081411026,-60
86,soundfiles//ch1//6_16000_17000.wav,soundfiles//ch2//6_16000_17000.wav,13.193865194016558,125
87,soundfiles//ch1//7_16000_17000.wav,soundfiles//ch2//7_16000_17000.wav,42.627988708277954,94
88,soundfiles//ch1//8_16000_17000.wav,soundfiles//ch2//8_16000_17000.wav,143.5719547632274,-103
89,soundfiles//ch1//9_16000_17000.wav,soundfiles//ch2//9_16000_17000.wav,47.80064201984913,86
90,soundfiles//ch1//0_17000_18000.wav,soundfiles//ch2//0_17000_18000.wav,148.06498315037166,-109
91,soundfiles//ch1//1_17000_18000.wav,soundfiles//ch2//1_17000_18000.wav,165.09470110170176,-124
92,soundfiles//ch1//2_17000_18000.wav,soundfiles//ch2//2_17000_18000.wav,131.94056317545363,-85
93,soundfiles//ch1//3_17000_18000.wav,soundfiles//ch2//3_17000_18000.wav,137.3078842063228,-94
94,soundfiles//ch1//4_17000_18000.wav,soundfiles//ch2//4_17000_18000.wav,41.26697089687015,96
95,soundfiles//ch1//5_17000_18000.wav,soundfiles//ch2//5_17000_18000.wav,12.457343524488255,125
96,soundfiles//ch1//6_17000_18000.wav,soundfiles//ch2//6_17000_18000.wav,124.02457208460983,-71
97,soundfiles//ch1//7_17000_18000.wav,soundfiles//ch2//7_17000_18000.wav,35.909770450614225,104
98,soundfiles//ch1//8_17000_18000.wav,soundfiles//ch2//8_17000_18000.wav,129.70440114702043,-82
99,soundfiles//ch1//9_17000_18000.wav,soundfiles//ch2//9_17000_18000.wav,124.54492871641466,-72
100,soundfiles//ch1//0_18000_19000.wav,soundfiles//ch2//0_18000_19000.wav,135.08418143141765,-91
101,soundfiles//ch1//1_18000_19000.wav,soundfiles//ch2//1_18000_19000.wav,115.40351543301206,-55
102,soundfiles//ch1//2_18000_19000.wav,soundfiles//ch2//2_18000_19000.wav,55.073404574275244,73
103,soundfiles//ch1//3_18000_19000.wav,soundfiles//ch2//3_18000_19000.wav,52.32401539178145,78
104,soundfiles//ch1//4_18000_19000.wav,soundfiles//ch2//4_18000_19000.wav,18.741278401743912,121
105,soundfiles//ch1//5_18000_19000.wav,soundfiles//ch2//5_18000_19000.wav,18.52908623097546,121
106,soundfiles//ch1//6_18000_19000.wav,soundfiles//ch2//6_18000_19000.wav,53.25013837155502,76
107,soundfiles//ch1//7_18000_19000.wav,soundfiles//ch2//7_18000_19000.wav,28.850565041111203,112
108,soundfiles//ch1//8_18000_19000.wav,soundfiles//ch2//8_18000_19000.wav,82.54959809703679,16
109,soundfiles//ch1//9_18000_19000.wav,soundfiles//ch2//9_18000_19000.wav,62.41169716333236,59
110,soundfiles//ch1//0_19000_20000.wav,soundfiles//ch2//0_19000_20000.wav,94.80164042844949,-10
111,soundfiles//ch1//1_19000_20000.wav,soundfiles//ch2//1_19000_20000.wav,142.00355648998178,-101
112,soundfiles//ch1//2_19000_20000.wav,soundfiles//ch2//2_19000_20000.wav,129.13461666783124,-81
113,soundfiles//ch1//3_19000_20000.wav,soundfiles//ch2//3_19000_20000.wav,118.47435825212338,-61
114,soundfiles//ch1//4_19000_20000.wav,soundfiles//ch2//4_19000_20000.wav,53.78167606786021,75
115,soundfiles//ch1//5_19000_20000.wav,soundfiles//ch2//5_19000_20000.wav,47.234559242690544,87
116,soundfiles//ch1//6_19000_20000.wav,soundfiles//ch2//6_19000_20000.wav,141.00011252492962,-99
117,soundfiles//ch1//7_19000_20000.wav,soundfiles//ch2//7_19000_20000.wav,49.90752585897001,82
118,soundfiles//ch1//8_19000_20000.wav,soundfiles//ch2//8_19000_20000.wav,39.62443712281254,99
119,soundfiles//ch1//9_19000_20000.wav,soundfiles//ch2//9_19000_20000.wav,21.357379887004143,119
120,soundfiles//ch1//0_20000_21000.wav,soundfiles//ch2//0_20000_21000.wav,124.44427843540245,-72
121,soundfiles//ch1//1_20000_21000.wav,soundfiles//ch2//1_20000_21000.wav,49.94484647231766,82
122,soundfiles//ch1//2_20000_21000.wav,soundfiles//ch2//2_20000_21000.wav,66.38848926940629,51
123,soundfiles//ch1//3_20000_21000.wav,soundfiles//ch2//3_20000_21000.wav,66.51853255599524,51
124,soundfiles//ch1//4_20000_21000.wav,soundfiles//ch2//4_20000_21000.wav,103.69808182930582,-30
125,soundfiles//ch1//5_20000_21000.wav,soundfiles//ch2//5_20000_21000.wav,127.02741665461879,-77
126,soundfiles//ch1//6_20000_21000.wav,soundfiles//ch2//6_20000_21000.wav,132.0855392261857,-86
127,soundfiles//ch1//7_20000_21000.wav,soundfiles//ch2//7_20000_21000.wav,20.199148045886407,120
128,soundfiles//ch1//8_20000_21000.wav,soundfiles//ch2//8_20000_21000.wav,89.61479244876031,0
129,soundfiles//ch1//9_20000_21000.wav,soundfiles//ch2//9_20000_21000.wav,1.3827425818459025,128
130,soundfiles//ch1//0_2000_3000.wav,soundfiles//ch2//0_2000_3000.wav,144.36448168233073,-104
131,soundfiles//ch1//1_2000_3000.wav,soundfiles//ch2//1_2000_3000.wav,144.76845452293514,-105
132,soundfiles//ch1//2_2000_3000.wav,soundfiles//ch2//2_2000_3000.wav,133.00172431412412,-87
133,soundfiles//ch1//3_2000_3000.wav,soundfiles//ch2//3_2000_3000.wav,162.01391071629953,-122
134,soundfiles//ch1//4_2000_3000.wav,soundfiles//ch2//4_2000_3000.wav,104.03741140662221,-31
135,soundfiles//ch1//5_2000_3000.wav,soundfiles//ch2//5_2000_3000.wav,46.173680823473134,89
136,soundfiles//ch1//6_2000_3000.wav,soundfiles//ch2//6_2000_3000.wav,119.06781764726996,-62
137,soundfiles//ch1//7_2000_3000.wav,soundfiles//ch2//7_2000_3000.wav,175.76366188766895,-128
138,soundfiles//ch1//8_2000_3000.wav,soundfiles//ch2//8_2000_3000.wav,33.04900386139022,107
139,soundfiles//ch1//9_2000_3000.wav,soundfiles//ch2//9_2000_3000.wav,70.37322646488084,43
140,soundfiles//ch1//0_21000_22000.wav,soundfiles//ch2//0_21000_22000.wav,109.59411077760815,-43
141,soundfiles//ch1//1_21000_22000.wav,soundfiles//ch2//1_21000_22000.wav,136.07751762584334,-92
142,soundfiles//ch1//2_21000_22000.wav,soundfiles//ch2//2_21000_22000.wav,77.26950587652344,28
143,soundfiles//ch1//3_21000_22000.wav,soundfiles//ch2//3_21000_22000.wav,145.42891913205523,-105
144,soundfiles//ch1//4_21000_22000.wav,soundfiles//ch2//4_21000_22000.wav,118.53038633088573,-61
145,soundfiles//ch1//5_21000_22000.wav,soundfiles//ch2//5_21000_22000.wav,47.41539218173986,87
146,soundfiles//ch1//6_21000_22000.wav,soundfiles//ch2//6_21000_22000.wav,34.76605473500859,105
147,soundfiles//ch1//7_21000_22000.wav,soundfiles//ch2//7_21000_22000.wav,53.65192561765783,76
148,soundfiles//ch1//8_21000_22000.wav,soundfiles//ch2//8_21000_22000.wav,54.42602077044351,74
149,soundfiles//ch1//9_21000_22000.wav,soundfiles//ch2//9_21000_22000.wav,116.4750025963819,-57
150,soundfiles//ch1//0_22000_23000.wav,soundfiles//ch2//0_22000_23000.wav,125.18784293703753,-74
151,soundfiles//ch1//1_22000_23000.wav,soundfiles//ch2//1_22000_23000.wav,5.0060702192184205,128
152,soundfiles//ch1//2_22000_23000.wav,soundfiles//ch2//2_22000_23000.wav,43.621131505719205,93
153,soundfiles//ch1//3_22000_23000.wav,soundfiles//ch2//3_22000_23000.wav,155.5412684147757,-117
154,soundfiles//ch1//4_22000_23000.wav,soundfiles//ch2//4_22000_23000.wav,106.60917479039044,-36
155,soundfiles//ch1//5_22000_23000.wav,soundfiles//ch2//5_22000_23000.wav,85.51154019431735,10
156,soundfiles//ch1//6_22000_23000.wav,soundfiles//ch2//6_22000_23000.wav,57.25372877122392,69
157,soundfiles//ch1//7_22000_23000.wav,soundfiles//ch2//7_22000_23000.wav,50.5073952342254,81
158,soundfiles//ch1//8_22000_23000.wav,soundfiles//ch2//8_22000_23000.wav,85.07681726367606,11
159,soundfiles//ch1//9_22000_23000.wav,soundfiles//ch2//9_22000_23000.wav,1.1227170755418228,128
160,soundfiles//ch1//0_23000_24000.wav,soundfiles//ch2//0_23000_24000.wav,149.35286928253365,-110
161,soundfiles//ch1//1_23000_24000.wav,soundfiles//ch2//1_23000_24000.wav,53.512252912053995,76
162,soundfiles//ch1//2_23000_24000.wav,soundfiles//ch2//2_23000_24000.wav,25.28632516929346,116
163,soundfiles//ch1//3_23000_24000.wav,soundfiles//ch2//3_23000_24000.wav,0.26289682245474955,128
164,soundfiles//ch1//4_23000_24000.wav,soundfiles//ch2//4_23000_24000.wav,119.2757147100148,-62
165,soundfiles//ch1//5_23000_24000.wav,soundfiles//ch2//5_23000_24000.wav,57.452058821490226,69
166,soundfiles//ch1//6_23000_24000.wav,soundfiles//ch2//6_23000_24000.wav,6.444351959794098,127
167,soundfiles//ch1//7_23000_24000.wav,soundfiles//ch2//7_23000_24000.wav,137.39084856366006,-94
168,soundfiles//ch1//8_23000_24000.wav,soundfiles//ch2//8_23000_24000.wav,39.125981789097175,99
169,soundfiles//ch1//9_23000_24000.wav,soundfiles//ch2//9_23000_24000.wav,100.06330451770856,-22
170,soundfiles//ch1//0_24000_25000.wav,soundfiles//ch2//0_24000_25000.wav,65.49352063202937,53
171,soundfiles//ch1//1_24000_25000.wav,soundfiles//ch2//1_24000_25000.wav,136.6146715838836,-93
172,soundfiles//ch1//2_24000_25000.wav,soundfiles//ch2//2_24000_25000.wav,139.09126214166088,-97
173,soundfiles//ch1//3_24000_25000.wav,soundfiles//ch2//3_24000_25000.wav,116.9805143960347,-58
174,soundfiles//ch1//4_24000_25000.wav,soundfiles//ch2//4_24000_25000.wav,155.06558750605566,-116
175,soundfiles//ch1//5_24000_25000.wav,soundfiles//ch2//5_24000_25000.wav,129.32393378806617,-81
176,soundfiles//ch1//6_24000_25000.wav,soundfiles//ch2//6_24000_25000.wav,51.072852198351896,80
177,soundfiles//ch1//7_24000_25000.wav,soundfiles//ch2//7_24000_25000.wav,124.57641864547955,-72
178,soundfiles//ch1//8_24000_25000.wav,soundfiles//ch2//8_24000_25000.wav,89.74202417140872,0
179,soundfiles//ch1//9_24000_25000.wav,soundfiles//ch2//9_24000_25000.wav,156.36915592041575,-117
180,soundfiles//ch1//0_25000_26000.wav,soundfiles//ch2//0_25000_26000.wav,77.09480843471397,28
181,soundfiles//ch1//1_25000_26000.wav,soundfiles//ch2//1_25000_26000.wav,116.14444567213519,-56
182,soundfiles//ch1//2_25000_26000.wav,soundfiles//ch2//2_25000_26000.wav,146.79485095344774,-107
183,soundfiles//ch1//3_25000_26000.wav,soundfiles//ch2//3_25000_26000.wav,79.65209789226857,23
184,soundfiles//ch1//4_25000_26000.wav,soundfiles//ch2//4_25000_26000.wav,57.28176277186048,69
185,soundfiles//ch1//5_25000_26000.wav,soundfiles//ch2//5_25000_26000.wav,53.60022953618813,76
186,soundfiles//ch1//6_25000_26000.wav,soundfiles//ch2//6_25000_26000.wav,35.07962019671548,105
187,soundfiles//ch1//7_25000_26000.wav,soundfiles//ch2//7_25000_26000.wav,82.36673364588239,17
188,soundfiles//ch1//8_25000_26000.wav,soundfiles//ch2//8_25000_26000.wav,88.05556977610364,4
189,soundfiles//ch1//9_25000_26000.wav,soundfiles//ch2//9_25000_26000.wav,26.56724276673189,114
190,soundfiles//ch1//0_26000_27000.wav,soundfiles//ch2//0_26000_27000.wav,25.769766193074535,115
191,soundfiles//ch1//1_26000_27000.wav,soundfiles//ch2//1_26000_27000.wav,127.46332150448671,-78
192,soundfiles//ch1//2_26000_27000.wav,soundfiles//ch2//2_26000_27000.wav,12.407393116448372,125
193,soundfiles//ch1//3_26000_27000.wav,soundfiles//ch2//3_26000_27000.wav,166.94357065489575,-125
194,soundfiles//ch1//4_26000_27000.wav,soundfiles//ch2//4_26000_27000.wav,45.98889778927142,89
195,soundfiles//ch1//5_26000_27000.wav,soundfiles//ch2//5_26000_27000.wav,176.53496291225636,-128
196,soundfiles//ch1//6_26000_27000.wav,soundfiles//ch2//6_26000_27000.wav,95.58744748852341,-12
197,soundfiles//ch1//7_26000_27000.wav,soundfiles//ch2//7_26000_27000.wav,124.59949019745626,-73
198,soundfiles//ch1//8_26000_27000.wav,soundfiles//ch2//8_26000_27000.wav,12.957872189591363,125
199,soundfiles//ch1//9_26000_27000.wav,soundfiles//ch2//9_26000_27000.wav,113.18902383439028,-50
200,soundfiles//ch1//0_27000_28000.wav,soundfiles//ch2//0_27000_28000.wav,41.71401693385176,95
201,soundfiles//ch1//1_27000_28000.wav,soundfiles//ch2//1_27000_28000.wav,86.2667347345284,8
202,soundfiles//ch1//2_27000_28000.wav,soundfiles//ch2//2_27000_28000.wav,131.07173299284256,-84
203,soundfiles//ch1//3_27000_28000.wav,soundfiles//ch2//3_27000_28000.wav,173.02042658026463,-127
204,soundfiles//ch1//4_27000_28000.wav,soundfiles//ch2//4_27000_28000.wav,14.536196501460763,124
205,soundfiles//ch1//5_27000_28000.wav,soundfiles//ch2//5_27000_28000.wav,10.590055185732341,126
206,soundfiles//ch1//6_27000_28000.wav,soundfiles//ch2//6_27000_28000.wav,128.47167737276638,-79
207,soundfiles//ch1//7_27000_28000.wav,soundfiles//ch2//7_27000_28000.wav,140.53464409389272,-99
208,soundfiles//ch1//8_27000_28000.wav,soundfiles//ch2//8_27000_28000.wav,143.13201039444755,-102
209,soundfiles//ch1//9_27000_28000.wav,soundfiles//ch2//9_27000_28000.wav,142.1860354120146,-101
210,soundfiles//ch1//0_28000_29000.wav,soundfiles//ch2//0_28000_29000.wav,146.78569857749537,-107
211,soundfiles//ch1//1_28000_29000.wav,soundfiles//ch2//1_28000_29000.wav,117.09636039823346,-58
212,soundfiles//ch1//2_28000_29000.wav,soundfiles//ch2//2_28000_29000.wav,50.09680643080875,82
213,soundfiles//ch1//3_28000_29000.wav,soundfiles//ch2//3_28000_29000.wav,77.09505897826895,28
214,soundfiles//ch1//4_28000_29000.wav,soundfiles//ch2//4_28000_29000.wav,77.14059838932992,28
215,soundfiles//ch1//5_28000_29000.wav,soundfiles//ch2//5_28000_29000.wav,135.64543296491192,-91
216,soundfiles//ch1//6_28000_29000.wav,soundfiles//ch2//6_28000_29000.wav,44.8426995945289,91
217,soundfiles//ch1//7_28000_29000.wav,soundfiles//ch2//7_28000_29000.wav,42.74993700095638,94
218,soundfiles//ch1//8_28000_29000.wav,soundfiles//ch2//8_28000_29000.wav,160.04787256280176,-120
219,soundfiles//ch1//9_28000_29000.wav,soundfiles//ch2//9_28000_29000.wav,169.30711118756076,-126
220,soundfiles//ch1//0_29000_30000.wav,soundfiles//ch2//0_29000_30000.wav,150.58881994828639,-112
221,soundfiles//ch1//1_29000_30000.wav,soundfiles//ch2//1_29000_30000.wav,137.09710832942395,-94
222,soundfiles//ch1//2_29000_30000.wav,soundfiles//ch2//2_29000_30000.wav,147.16575482191226,-108
223,soundfiles//ch1//3_29000_30000.wav,soundfiles//ch2//3_29000_30000.wav,77.54900521232423,27
224,soundfiles//ch1//4_29000_30000.wav,soundfiles//ch2//4_29000_30000.wav,32.707290547692686,108
225,soundfiles//ch1//5_29000_30000.wav,soundfiles//ch2//5_29000_30000.wav,90.9705256206477,-2
226,soundfiles//ch1//6_29000_30000.wav,soundfiles//ch2//6_29000_30000.wav,151.42640588074985,-112
227,soundfiles//ch1//7_29000_30000.wav,soundfiles//ch2//7_29000_30000.wav,42.54924927170473,94
228,soundfiles//ch1//8_29000_30000.wav,soundfiles//ch2//8_29000_30000.wav,96.41378423456975,-14
229,soundfiles//ch1//9_29000_30000.wav,soundfiles//ch2//9_29000_30000.wav,31.272905467748146,109
230,soundfiles//ch1//0_30000_31000.wav,soundfiles//ch2//0_30000_31000.wav,100.0713388937211,-22
231,soundfiles//ch1//1_30000_31000.wav,soundfiles//ch2//1_30000_31000.wav,75.0109394143326,33
232,soundfiles//ch1//2_30000_31000.wav,soundfiles//ch2//2_30000_31000.wav,109.99250278923854,-43
233,soundfiles//ch1//3_30000_31000.wav,soundfiles//ch2//3_30000_31000.wav,12.57285377030286,125
234,soundfiles//ch1//4_30000_31000.wav,soundfiles//ch2//4_30000_31000.wav,31.653919767509482,109
235,soundfiles//ch1//5_30000_31000.wav,soundfiles//ch2//5_30000_31000.wav,84.40625660576667,12
236,soundfiles//ch1//6_30000_31000.wav,soundfiles//ch2//6_30000_31000.wav,156.9348288399249,-118
237,soundfiles//ch1//7_30000_31000.wav,soundfiles//ch2//7_30000_31000.wav,27.696300048816685,113
238,soundfiles//ch1//8_30000_31000.wav,soundfiles//ch2//8_30000_31000.wav,132.87997997107263,-87
239,soundfiles//ch1//9_30000_31000.wav,soundfiles//ch2//9_30000_31000.wav,125.30201839381418,-74
240,soundfiles//ch1//0_3000_4000.wav,soundfiles//ch2//0_3000_4000.wav,48.85112155870028,84
241,soundfiles//ch1//1_3000_4000.wav,soundfiles//ch2//1_3000_4000.wav,61.94534056563193,60
242,soundfiles//ch1//2_3000_4000.wav,soundfiles//ch2//2_3000_4000.wav,22.637393026231987,118
243,soundfiles//ch1//3_3000_4000.wav,soundfiles//ch2//3_3000_4000.wav,34.53933304085099,105
244,soundfiles//ch1//4_3000_4000.wav,soundfiles//ch2//4_3000_4000.wav,118.91598475418638,-62
245,soundfiles//ch1//5_3000_4000.wav,soundfiles//ch2//5_3000_4000.wav,5.084186076261914,128
246,soundfiles//ch1//6_3000_4000.wav,soundfiles//ch2//6_3000_4000.wav,96.12342408077957,-13
247,soundfiles//ch1//7_3000_4000.wav,soundfiles//ch2//7_3000_4000.wav,144.9254100407728,-105
248,soundfiles//ch1//8_3000_4000.wav,soundfiles//ch2//8_3000_4000.wav,27.606141975028248,113
249,soundfiles//ch1//9_3000_4000.wav,soundfiles//ch2//9_3000_4000.wav,126.71079742811702,-76
250,soundfiles//ch1//0_31000_32000.wav,soundfiles//ch2//0_31000_32000.wav,147.2396756780074,-108
251,soundfiles//ch1//1_31000_32000.wav,soundfiles//ch2//1_31000_32000.wav,16.321732903433503,123
252,soundfiles//ch1//2_31000_32000.wav,soundfiles//ch2//2_31000_32000.wav,75.35142080730824,32
253,soundfiles//ch1//3_31000_32000.wav,soundfiles//ch2//3_31000_32000.wav,71.6979675713958,40
254,soundfiles//ch1//4_31000_32000.wav,soundfiles//ch2//4_31000_32000.wav,177.51558955018794,-128
255,soundfiles//ch1//5_31000_32000.wav,soundfiles//ch2//5_31000_32000.wav,163.84555669756054,-123
256,soundfiles//ch1//6_31000_32000.wav,soundfiles//ch2//6_31000_32000.wav,142.7094667512209,-102
257,soundfiles//ch1//7_31000_32000.wav,soundfiles//ch2//7_31000_32000.wav,27.90524015557951,113
258,soundfiles//ch1//8_31000_32000.wav,soundfiles//ch2//8_31000_32000.wav,115.07333170862454,-54
259,soundfiles//ch1//9_31000_32000.wav,soundfiles//ch2//9_31000_32000.wav,131.70624504866635,-85
260,soundfiles//ch1//0_32000_33000.wav,soundfiles//ch2//0_32000_33000.wav,10.700474723920118,126
261,soundfiles//ch1//1_32000_33000.wav,soundfiles//ch2//1_32000_33000.wav,160.33864886233675,-121
262,soundfiles//ch1//2_32000_33000.wav,soundfiles//ch2//2_32000_33000.wav,55.139092733259446,73
263,soundfiles//ch1//3_32000_33000.wav,soundfiles//ch2//3_32000_33000.wav,159.2449128489903,-120
264,soundfiles//ch1//4_32000_33000.wav,soundfiles//ch2//4_32000_33000.wav,67.72911290475058,48
265,soundfiles//ch1//5_32000_33000.wav,soundfiles//ch2//5_32000_33000.wav,134.22700185990263,-89
266,soundfiles//ch1//6_32000_33000.wav,soundfiles//ch2//6_32000_33000.wav,81.17163250294094,19
267,soundfiles//ch1//7_32000_33000.wav,soundfiles//ch2//7_32000_33000.wav,33.12486522934504,107
268,soundfiles//ch1//8_32000_33000.wav,soundfiles//ch2//8_32000_33000.wav,135.31501014503812,-91
269,soundfiles//ch1//9_32000_33000.wav,soundfiles//ch2//9_32000_33000.wav,55.92130364958209,72
270,soundfiles//ch1//0_33000_34000.wav,soundfiles//ch2//0_33000_34000.wav,11.31598932689962,126
271,soundfiles//ch1//1_33000_34000.wav,soundfiles//ch2//1_33000_34000.wav,174.81641754540303,-128
272,soundfiles//ch1//2_33000_34000.wav,soundfiles//ch2//2_33000_34000.wav,144.65113880215569,-104
273,soundfiles//ch1//3_33000_34000.wav,soundfiles//ch2//3_33000_34000.wav,125.73735570935635,-75
274,soundfiles//ch1//4_33000_34000.wav,soundfiles//ch2//4_33000_34000.wav,118.94366470646034,-62
275,soundfiles//ch1//5_33000_34000.wav,soundfiles//ch2//5_33000_34000.wav,48.23979967097548,85
276,soundfiles//ch1//6_33000_34000.wav,soundfiles//ch2//6_33000_34000.wav,15.389867692311622,123
277,soundfiles//ch1//7_33000_34000.wav,soundfiles//ch2//7_33000_34000.wav,57.14228410021231,69
278,soundfiles//ch1//8_33000_34000.wav,soundfiles//ch2//8_33000_34000.wav,101.87237553916874,-26
279,soundfiles//ch1//9_33000_34000.wav,soundfiles//ch2//9_33000_34000.wav,43.376977035211574,93
280,soundfiles//ch1//0_34000_35000.wav,soundfiles//ch2//0_34000_35000.wav,36.40076899356792,103
281,soundfiles//ch1//1_34000_35000.wav,soundfiles//ch2//1_34000_35000.wav,19.388695782146833,121
282,soundfiles//ch1//2_34000_35000.wav,soundfiles//ch2//2_34000_35000.wav,23.39277463867666,118
283,soundfiles//ch1//3_34000_35000.wav,soundfiles//ch2//3_34000_35000.wav,136.35783186193387,-93
284,soundfiles//ch1//4_34000_35000.wav,soundfiles//ch2//4_34000_35000.wav,78.05080972989052,26
285,soundfiles//ch1//5_34000_35000.wav,soundfiles//ch2//5_34000_35000.wav,128.61199845624913,-80
286,soundfiles//ch1//6_34000_35000.wav,soundfiles//ch2//6_34000_35000.wav,13.907346604761932,124
287,soundfiles//ch1//7_34000_35000.wav,soundfiles//ch2//7_34000_35000.wav,158.09897518912385,-119
288,soundfiles//ch1//8_34000_35000.wav,soundfiles//ch2//8_34000_35000.wav,133.62644763170874,-88
289,soundfiles//ch1//9_34000_35000.wav,soundfiles//ch2//9_34000_35000.wav,126.35195468031978,-76
290,soundfiles//ch1//0_35000_36000.wav,soundfiles//ch2//0_35000_36000.wav,130.1479457495971,-82
291,soundfiles//ch1//1_35000_36000.wav,soundfiles//ch2//1_35000_36000.wav,86.94042340947557,6
292,soundfiles//ch1//2_35000_36000.wav,soundfiles//ch2//2_35000_36000.wav,90.38122527256922,0
293,soundfiles//ch1//3_35000_36000.wav,soundfiles//ch2//3_35000_36000.wav,119.63398231161158,-63
294,soundfiles//ch1//4_35000_36000.wav,soundfiles//ch2//4_35000_36000.wav,55.22867051339066,73
295,soundfiles//ch1//5_35000_36000.wav,soundfiles//ch2//5_35000_36000.wav,148.60064549684463,-109
296,soundfiles//ch1//6_35000_36000.wav,soundfiles//ch2//6_35000_36000.wav,152.8998057357662,-114
297,soundfiles//ch1//7_35000_36000.wav,soundfiles//ch2//7_35000_36000.wav,113.37099327851236,-51
298,soundfiles//ch1//8_35000_36000.wav,soundfiles//ch2//8_35000_36000.wav,28.881167319207375,112
299,soundfiles//ch1//9_35000_36000.wav,soundfiles//ch2//9_35000_36000.wav,77.24405011513552,28
300,soundfiles//ch1//0_36000_37000.wav,soundfiles//ch2//0_36000_37000.wav,31.299928314903376,109
301,soundfiles//ch1//1_36000_37000.wav,soundfiles//ch2//1_36000_37000.wav,43.51560299797867,93
302,soundfiles//ch1//2_36000_37000.wav,soundfiles//ch2//2_36000_37000.wav,66.97762457484244,50
303,soundfiles//ch1//3_36000_37000.wav,soundfiles//ch2//3_36000_37000.wav,129.29712971609072,-81
304,soundfiles//ch1//4_36000_37000.wav,soundfiles//ch2//4_36000_37000.wav,20.088722292777497,120
305,soundfiles//ch1//5_36000_37000.wav,soundfiles//ch2//5_36000_37000.wav,170.23439153170074,-126
306,soundfiles//ch1//6_36000_37000.wav,soundfiles//ch2//6_36000_37000.wav,127.95487603655974,-79
307,soundfiles//ch1//7_36000_37000.wav,soundfiles//ch2//7_36000_37000.wav,31.549800605282464,109
308,soundfiles//ch1//8_36000_37000.wav,soundfiles//ch2//8_36000_37000.wav,136.198166006037,-92
309,soundfiles//ch1//9_36000_37000.wav,soundfiles//ch2//9_36000_37000.wav,68.64084372237706,46
310,soundfiles//ch1//0_37000_38000.wav,soundfiles//ch2//0_37000_38000.wav,75.41645803189111,32
311,soundfiles//ch1//1_37000_38000.wav,soundfiles//ch2//1_37000_38000.wav,145.58340256071762,-106
312,soundfiles//ch1//2_37000_38000.wav,soundfiles//ch2//2_37000_38000.wav,75.70349734172783,31
313,soundfiles//ch1//3_37000_38000.wav,soundfiles//ch2//3_37000_38000.wav,166.33850950537288,-124
314,soundfiles//ch1//4_37000_38000.wav,soundfiles//ch2//4_37000_38000.wav,148.56129185110754,-109
315,soundfiles//ch1//5_37000_38000.wav,soundfiles//ch2//5_37000_38000.wav,139.73408790358445,-98
316,soundfiles//ch1//6_37000_38000.wav,soundfiles//ch2//6_37000_38000.wav,116.31317475244603,-56
317,soundfiles//ch1//7_37000_38000.wav,soundfiles//ch2//7_37000_38000.wav,133.8247652582811,-89
318,soundfiles//ch1//8_37000_38000.wav,soundfiles//ch2//8_37000_38000.wav,67.9131619314675,48
319,soundfiles//ch1//9_37000_38000.wav,soundfiles//ch2//9_37000_38000.wav,123.46888892473756,-70
320,soundfiles//ch1//0_38000_39000.wav,soundfiles//ch2//0_38000_39000.wav,139.7000765746596,-98
321,soundfiles//ch1//1_38000_39000.wav,soundfiles//ch2//1_38000_39000.wav,17.240069356008032,122
322,soundfiles//ch1//2_38000_39000.wav,soundfiles//ch2//2_38000_39000.wav,72.82075490427162,37
323,soundfiles//ch1//3_38000_39000.wav,soundfiles//ch2//3_38000_39000.wav,179.33305244891608,-128
324,soundfiles//ch1//4_38000_39000.wav,soundfiles//ch2//4_38000_39000.wav,76.67295036469564,29
325,soundfiles//ch1//5_38000_39000.wav,soundfiles//ch2//5_38000_39000.wav,9.247419857980843,126
326,soundfiles//ch1//6_38000_39000.wav,soundfiles//ch2//6_38000_39000.wav,115.95295022282077,-56
327,soundfiles//ch1//7_38000_39000.wav,soundfiles//ch2//7_38000_39000.wav,47.78519784602139,86
328,soundfiles//ch1//8_38000_39000.wav,soundfiles//ch2//8_38000_39000.wav,73.13807102395933,37
329,soundfiles//ch1//9_38000_39000.wav,soundfiles//ch2//9_38000_39000.wav,89.97491647538659,0
330,soundfiles//ch1//0_39000_40000.wav,soundfiles//ch2//0_39000_40000.wav,93.80679852295626,-8
331,soundfiles//ch1//1_39000_40000.wav,soundfiles//ch2//1_39000_40000.wav,143.82545044801066,-103
332,soundfiles//ch1//2_39000_40000.wav,soundfiles//ch2//2_39000_40000.wav,144.94428186437452,-105
333,soundfiles//ch1//3_39000_40000.wav,soundfiles//ch2//3_39000_40000.wav,168.23733013521942,-125
334,soundfiles//ch1//4_39000_40000.wav,soundfiles//ch2//4_39000_40000.wav,96.89866391209881,-15
335,soundfiles//ch1//5_39000_40000.wav,soundfiles//ch2//5_39000_40000.wav,131.91513805725333,-85
336,soundfiles//ch1//6_39000_40000.wav,soundfiles//ch2//6_39000_40000.wav,126.92116386959847,-77
337,soundfiles//ch1//7_39000_40000.wav,soundfiles//ch2//7_39000_40000.wav,43.10488485967905,93
338,soundfiles//ch1//8_39000_40000.wav,soundfiles//ch2//8_39000_40000.wav,126.11973557204972,-75
339,soundfiles//ch1//9_39000_40000.wav,soundfiles//ch2//9_39000_40000.wav,90.67897627967001,-1
340,soundfiles//ch1//0_40000_41000.wav,soundfiles//ch2//0_40000_41000.wav,52.16305760977164,78
341,soundfiles//ch1//1_40000_41000.wav,soundfiles//ch2//1_40000_41000.wav,142.72171937592566,-102
342,soundfiles//ch1//2_40000_41000.wav,soundfiles//ch2//2_40000_41000.wav,126.19397001090303,-75
343,soundfiles//ch1//3_40000_41000.wav,soundfiles//ch2//3_40000_41000.wav,13.382315400392008,125
344,soundfiles//ch1//4_40000_41000.wav,soundfiles//ch2//4_40000_41000.wav,142.28777826517867,-101
345,soundfiles//ch1//5_40000_41000.wav,soundfiles//ch2//5_40000_41000.wav,33.77915447675128,106
346,soundfiles//ch1//6_40000_41000.wav,soundfiles//ch2//6_40000_41000.wav,88.4579968564658,3
347,soundfiles//ch1//7_40000_41000.wav,soundfiles//ch2//7_40000_41000.wav,62.253850409463176,59
348,soundfiles//ch1//8_40000_41000.wav,soundfiles//ch2//8_40000_41000.wav,164.77247842341956,-124
349,soundfiles//ch1//9_40000_41000.wav,soundfiles//ch2//9_40000_41000.wav,135.13611713730606,-91
350,soundfiles//ch1//0_4000_5000.wav,soundfiles//ch2//0_4000_5000.wav,160.61333066142345,-121
351,soundfiles//ch1//1_4000_5000.wav,soundfiles//ch2//1_4000_5000.wav,145.4160685203007,-105
352,soundfiles//ch1//2_4000_5000.wav,soundfiles//ch2//2_4000_5000.wav,72.71329431639236,38
353,soundfiles//ch1//3_4000_5000.wav,soundfiles//ch2//3_4000_5000.wav,176.06035910205946,-128
354,soundfiles//ch1//4_4000_5000.wav,soundfiles//ch2//4_4000_5000.wav,78.76559837328449,25
355,soundfiles//ch1//5_4000_5000.wav,soundfiles//ch2//5_4000_5000.wav,90.93321488819632,-2
356,soundfiles//ch1//6_4000_5000.wav,soundfiles//ch2//6_4000_5000.wav,15.324568983575999,123
357,soundfiles//ch1//7_4000_5000.wav,soundfiles//ch2//7_4000_5000.wav,28.010679521923244,113
358,soundfiles//ch1//8_4000_5000.wav,soundfiles//ch2//8_4000_5000.wav,83.77295234559023,13
359,soundfiles//ch1//9_4000_5000.wav,soundfiles//ch2//9_4000_5000.wav,32.95099906852118,107
360,soundfiles//ch1//0_41000_42000.wav,soundfiles//ch2//0_41000_42000.wav,49.431353464426664,83
361,soundfiles//ch1//1_41000_42000.wav,soundfiles//ch2//1_41000_42000.wav,97.80080259581648,-17
362,soundfiles//ch1//2_41000_42000.wav,soundfiles//ch2//2_41000_42000.wav,163.30058506384017,-123
363,soundfiles//ch1//3_41000_42000.wav,soundfiles//ch2//3_41000_42000.wav,12.315086893641203,125
364,soundfiles//ch1//4_41000_42000.wav,soundfiles//ch2//4_41000_42000.wav,35.89938618929011,104
365,soundfiles//ch1//5_41000_42000.wav,soundfiles//ch2//5_41000_42000.wav,29.619180869723973,111
366,soundfiles//ch1//6_41000_42000.wav,soundfiles//ch2//6_41000_42000.wav,150.3342313242797,-111
367,soundfiles//ch1//7_41000_42000.wav,soundfiles//ch2//7_41000_42000.wav,43.00734543989694,94
368,soundfiles//ch1//8_41000_42000.wav,soundfiles//ch2//8_41000_42000.wav,146.16803899527812,-106
369,soundfiles//ch1//9_41000_42000.wav,soundfiles//ch2//9_41000_42000.wav,43.925100707077334,92
370,soundfiles//ch1//0_42000_43000.wav,soundfiles//ch2//0_42000_43000.wav,8.501196934198797,127
371,soundfiles//ch1//1_42000_43000.wav,soundfiles//ch2//1_42000_43000.wav,106.20623451318065,-35
372,soundfiles//ch1//2_42000_43000.wav,soundfiles//ch2//2_42000_43000.wav,147.11467371171076,-107
373,soundfiles//ch1//3_42000_43000.wav,soundfiles//ch2//3_42000_43000.wav,142.84872672374192,-102
374,soundfiles//ch1//4_42000_43000.wav,soundfiles//ch2//4_42000_43000.wav,5.4807917470665295,127
375,soundfiles//ch1//5_42000_43000.wav,soundfiles//ch2//5_42000_43000.wav,112.25339601343903,-48
376,soundfiles//ch1//6_42000_43000.wav,soundfiles//ch2//6_42000_43000.wav,31.272564600044056,109
377,soundfiles//ch1//7_42000_43000.wav,soundfiles//ch2//7_42000_43000.wav,73.65813314734761,36
378,soundfiles//ch1//8_42000_43000.wav,soundfiles//ch2//8_42000_43000.wav,57.70163075015139,68
379,soundfiles//ch1//9_42000_43000.wav,soundfiles//ch2//9_42000_43000.wav,9.790378098140215,126
380,soundfiles//ch1//0_43000_44000.wav,soundfiles//ch2//0_43000_44000.wav,29.519646265739805,111
381,soundfiles//ch1//1_43000_44000.wav,soundfiles//ch2//1_43000_44000.wav,146.4418121463101,-107
382,soundfiles//ch1//2_43000_44000.wav,soundfiles//ch2//2_43000_44000.wav,39.971602369478724,98
383,soundfiles//ch1//3_43000_44000.wav,soundfiles//ch2//3_43000_44000.wav,55.78928203205254,72
384,soundfiles//ch1//4_43000_44000.wav,soundfiles//ch2//4_43000_44000.wav,34.46900945055823,105
385,soundfiles//ch1//5_43000_44000.wav,soundfiles//ch2//5_43000_44000.wav,132.25187661299893,-86
386,soundfiles//ch1//6_43000_44000.wav,soundfiles//ch2//6_43000_44000.wav,114.44821562994736,-53
387,soundfiles//ch1//7_43000_44000.wav,soundfiles//ch2//7_43000_44000.wav,76.58955161963371,29
388,soundfiles//ch1//8_43000_44000.wav,soundfiles//ch2//8_43000_44000.wav,134.23263607545192,-89
389,soundfiles//ch1//9_43000_44000.wav,soundfiles//ch2//9_43000_44000.wav,124.8468510167783,-73
390,soundfiles//ch1//0_44000_45000.wav,soundfiles//ch2//0_44000_45000.wav,23.85371149449665,117
391,soundfiles//ch1//1_44000_45000.wav,soundfiles//ch2//1_44000_45000.wav,178.72801367158218,-128
392,soundfiles//ch1//2_44000_45000.wav,soundfiles//ch2//2_44000_45000.wav,31.072341852264,110
393,soundfiles//ch1//3_44000_45000.wav,soundfiles//ch2//3_44000_45000.wav,163.41907675320599,-123
394,soundfiles//ch1//4_44000_45000.wav,soundfiles//ch2//4_44000_45000.wav,104.74678527366389,-32
395,soundfiles//ch1//5_44000_45000.wav,soundfiles//ch2//5_44000_45000.wav,68.31487829578356,47
396,soundfiles//ch1//6_44000_45000.wav,soundfiles//ch2//6_44000_45000.wav,125.58561634936693,-74
397,soundfiles//ch1//7_44000_45000.wav,soundfiles//ch2//7_44000_45000.wav,133.59586892312313,-88
398,soundfiles//ch1//8_44000_45000.wav,soundfiles//ch2//8_44000_45000.wav,161.8356037498458,-122
399,soundfiles//ch1//9_44000_45000.wav,soundfiles//ch2//9_44000_45000.wav,32.5475218199806,108
400,soundfiles//ch1//0_45000_46000.wav,soundfiles//ch2//0_45000_46000.wav,97.38148645509072,-16
401,soundfiles//ch1//1_45000_46000.wav,soundfiles//ch2//1_45000_46000.wav,112.02975171771466,-48
402,soundfiles//ch1//2_45000_46000.wav,soundfiles//ch2//2_45000_46000.wav,109.74182924150271,-43
403,soundfiles//ch1//3_45000_46000.wav,soundfiles//ch2//3_45000_46000.wav,139.26109670130546,-97
404,soundfiles//ch1//4_45000_46000.wav,soundfiles//ch2//4_45000_46000.wav,15.818979831216419,123
405,soundfiles//ch1//5_45000_46000.wav,soundfiles//ch2//5_45000_46000.wav,151.20624404675522,-112
406,soundfiles//ch1//6_45000_46000.wav,soundfiles//ch2//6_45000_46000.wav,59.302674707764076,65
407,soundfiles//ch1//7_45000_46000.wav,soundfiles//ch2//7_45000_46000.wav,168.12252251994326,-125
408,soundfiles//ch1//8_45000_46000.wav,soundfiles//ch2//8_45000_46000.wav,145.58294770493234,-106
409,soundfiles//ch1//9_45000_46000.wav,soundfiles//ch2//9_45000_46000.wav,111.56982314572234,-47
410,soundfiles//ch1//0_46000_47000.wav,soundfiles//ch2//0_46000_47000.wav,82.50712183828199,16
411,soundfiles//ch1//1_46000_47000.wav,soundfiles//ch2//1_46000_47000.wav,132.34308343097842,-86
412,soundfiles//ch1//2_46000_47000.wav,soundfiles//ch2//2_46000_47000.wav,93.10274496922182,-6
413,soundfiles//ch1//3_46000_47000.wav,soundfiles//ch2//3_46000_47000.wav,116.00560258534644,-56
414,soundfiles//ch1//4_46000_47000.wav,soundfiles//ch2//4_46000_47000.wav,139.72886063598094,-98
415,soundfiles//ch1//5_46000_47000.wav,soundfiles//ch2//5_46000_47000.wav,160.06246665150286,-120
416,soundfiles//ch1//6_46000_47000.wav,soundfiles//ch2//6_46000_47000.wav,149.49615118084503,-110
417,soundfiles//ch1//7_46000_47000.wav,soundfiles//ch2//7_46000_47000.wav,103.13083069399869,-29
418,soundfiles//ch1//8_46000_47000.wav,soundfiles//ch2//8_46000_47000.wav,100.11059219954774,-22
419,soundfiles//ch1//9_46000_47000.wav,soundfiles//ch2//9_46000_47000.wav,70.26124881637065,43
420,soundfiles//ch1//0_47000_48000.wav,soundfiles//ch2//0_47000_48000.wav,62.2026627448433,59
421,soundfiles//ch1//1_47000_48000.wav,soundfiles//ch2//1_47000_48000.wav,43.32768693027937,93
422,soundfiles//ch1//2_47000_48000.wav,soundfiles//ch2//2_47000_48000.wav,104.7343460503313,-32
423,soundfiles//ch1//3_47000_48000.wav,soundfiles//ch2//3_47000_48000.wav,67.74053084273307,48
424,soundfiles//ch1//4_47000_48000.wav,soundfiles//ch2//4_47000_48000.wav,86.65190194511773,7
425,soundfiles//ch1//5_47000_48000.wav,soundfiles//ch2//5_47000_48000.wav,60.394169523119444,63
426,soundfiles//ch1//6_47000_48000.wav,soundfiles//ch2//6_47000_48000.wav,137.88271791213037,-95
427,soundfiles//ch1//7_47000_48000.wav,soundfiles//ch2//7_47000_48000.wav,20.940077058345153,120
428,soundfiles//ch1//8_47000_48000.wav,soundfiles//ch2//8_47000_48000.wav,177.15384542275223,-128
429,soundfiles//ch1//9_47000_48000.wav,soundfiles//ch2//9_47000_48000.wav,129.68627462583552,-82
430,soundfiles//ch1//0_48000_49000.wav,soundfiles//ch2//0_48000_49000.wav,80.50616701288268,21
431,soundfiles//ch1//1_48000_49000.wav,soundfiles//ch2//1_48000_49000.wav,119.33840603418581,-62
432,soundfiles//ch1//2_48000_49000.wav,soundfiles//ch2//2_48000_49000.wav,121.56881234732795,-67
433,soundfiles//ch1//3_48000_49000.wav,soundfiles//ch2//3_48000_49000.wav,133.9704401035444,-89
434,soundfiles//ch1//4_48000_49000.wav,soundfiles//ch2//4_48000_49000.wav,101.28444893341803,-25
435,soundfiles//ch1//5_48000_49000.wav,soundfiles//ch2//5_48000_49000.wav,130.51140217980924,-83
436,soundfiles//ch1//6_48000_49000.wav,soundfiles//ch2//6_48000_49000.wav,124.02723313824914,-71
437,soundfiles//ch1//7_48000_49000.wav,soundfiles//ch2//7_48000_49000.wav,50.02887304889998,82
438,soundfiles//ch1//8_48000_49000.wav,soundfiles//ch2//8_48000_49000.wav,113.71425675244605,-51
439,soundfiles//ch1//9_48000_49000.wav,soundfiles//ch2//9_48000_49000.wav,56.65116602385978,70
440,soundfiles//ch1//0_49000_50000.wav,soundfiles//ch2//0_49000_50000.wav,63.01805546943158,58
441,soundfiles//ch1//1_49000_50000.wav,soundfiles//ch2//1_49000_50000.wav,127.74685559270883,-78
442,soundfiles//ch1//2_49000_50000.wav,soundfiles//ch2//2_49000_50000.wav,109.67406804010434,-43
443,soundfiles//ch1//3_49000_50000.wav,soundfiles//ch2//3_49000_50000.wav,106.39869032575407,-36
444,soundfiles//ch1//4_49000_50000.wav,soundfiles//ch2//4_49000_50000.wav,91.07314521527033,-2
445,soundfiles//ch1//5_49000_50000.wav,soundfiles//ch2//5_49000_50000.wav,48.35004499740169,85
446,soundfiles//ch1//6_49000_50000.wav,soundfiles//ch2//6_49000_50000.wav,27.334708701658908,114
447,soundfiles//ch1//7_49000_50000.wav,soundfiles//ch2//7_49000_50000.wav,113.29818948001748,-50
448,soundfiles//ch1//8_49000_50000.wav,soundfiles//ch2//8_49000_50000.wav,96.39550838225415,-14
449,soundfiles//ch1//9_49000_50000.wav,soundfiles//ch2//9_49000_50000.wav,143.66231774938424,-103
450,soundfiles//ch1//0_50000_51000.wav,soundfiles//ch2//0_50000_51000.wav,110.0079504338499,-43
451,soundfiles//ch1//1_50000_51000.wav,soundfiles//ch2//1_50000_51000.wav,75.13173182469113,32
452,soundfiles//ch1//2_50000_51000.wav,soundfiles//ch2//2_50000_51000.wav,29.585508700507845,111
453,soundfiles//ch1//3_50000_51000.wav,soundfiles//ch2//3_50000_51000.wav,128.40097488610073,-79
454,soundfiles//ch1//4_50000_51000.wav,soundfiles//ch2//4_50000_51000.wav,156.02216338188308,-117
455,soundfiles//ch1//5_50000_51000.wav,soundfiles//ch2//5_50000_51000.wav,32.92644525857964,107
456,soundfiles//ch1//6_50000_51000.wav,soundfiles//ch2//6_50000_51000.wav,66.37456901825885,51
457,soundfiles//ch1//7_50000_51000.wav,soundfiles//ch2//7_50000_51000.wav,124.50695044134673,-72
458,soundfiles//ch1//8_50000_51000.wav,soundfiles//ch2//8_50000_51000.wav,90.13170985996607,0
459,soundfiles//ch1//9_50000_51000.wav,soundfiles//ch2//9_50000_51000.wav,92.29848066990228,-5
460,soundfiles//ch1//0_5000_6000.wav,soundfiles//ch2//0_5000_6000.wav,41.2681655054932,96
461,soundfiles//ch1//1_5000_6000.wav,soundfiles//ch2//1_5000_6000.wav,52.682099357582814,77
462,soundfiles//ch1//2_5000_6000.wav,soundfiles//ch2//2_5000_6000.wav,145.67199515708475,-106
463,soundfiles//ch1//3_5000_6000.wav,soundfiles//ch2//3_5000_6000.wav,52.33744791184448,78
464,soundfiles//ch1//4_5000_6000.wav,soundfiles//ch2//4_5000_6000.wav,165.24343137887018,-124
465,soundfiles//ch1//5_5000_6000.wav,soundfiles//ch2//5_5000_6000.wav,158.5367665163979,-119
466,soundfiles//ch1//6_5000_6000.wav,soundfiles//ch2//6_5000_6000.wav,68.77963975742652,46
467,soundfiles//ch1//7_5000_6000.wav,soundfiles//ch2//7_5000_6000.wav,157.89860079657555,-119
468,soundfiles//ch1//8_5000_6000.wav,soundfiles//ch2//8_5000_6000.wav,29.71408707847726,111
469,soundfiles//ch1//9_5000_6000.wav,soundfiles//ch2//9_5000_6000.wav,157.9606384710467,-119
470,soundfiles//ch1//0_51000_52000.wav,soundfiles//ch2//0_51000_52000.wav,110.74371665800369,-45
471,soundfiles//ch1//1_51000_52000.wav,soundfiles//ch2//1_51000_52000.wav,96.65781006545991,-14
472,soundfiles//ch1//2_51000_52000.wav,soundfiles//ch2//2_51000_52000.wav,149.3659116824387,-110
473,soundfiles//ch1//3_51000_52000.wav,soundfiles//ch2//3_51000_52000.wav,161.96799805969582,-122
474,soundfiles//ch1//4_51000_52000.wav,soundfiles//ch2//4_51000_52000.wav,55.460210032140324,72
475,soundfiles//ch1//5_51000_52000.wav,soundfiles//ch2//5_51000_52000.wav,30.31989587150934,110
476,soundfiles//ch1//6_51000_52000.wav,soundfiles//ch2//6_51000_52000.wav,130.76750177283486,-83
477,soundfiles//ch1//7_51000_52000.wav,soundfiles//ch2//7_51000_52000.wav,165.20522664993106,-124
478,soundfiles//ch1//8_51000_52000.wav,soundfiles//ch2//8_51000_52000.wav,31.091209231063065,110
479,soundfiles//ch1//9_51000_52000.wav,soundfiles//ch2//9_51000_52000.wav,177.76930332490028,-128
480,soundfiles//ch1//0_52000_53000.wav,soundfiles//ch2//0_52000_53000.wav,137.6592333436746,-95
481,soundfiles//ch1//1_52000_53000.wav,soundfiles//ch2//1_52000_53000.wav,18.064457076457593,122
482,soundfiles//ch1//2_52000_53000.wav,soundfiles//ch2//2_52000_53000.wav,172.50434162717502,-127
483,soundfiles//ch1//3_52000_53000.wav,soundfiles//ch2//3_52000_53000.wav,109.07226040227339,-42
484,soundfiles//ch1//4_52000_53000.wav,soundfiles//ch2//4_52000_53000.wav,37.917571489477865,101
485,soundfiles//ch1//5_52000_53000.wav,soundfiles//ch2//5_52000_53000.wav,50.50528261756803,81
486,soundfiles//ch1//6_52000_53000.wav,soundfiles//ch2//6_52000_53000.wav,129.33166857782177,-81
487,soundfiles//ch1//7_52000_53000.wav,soundfiles//ch2//7_52000_53000.wav,48.11087585194851,85
488,soundfiles//ch1//8_52000_53000.wav,soundfiles//ch2//8_52000_53000.wav,143.59699930760792,-103
489,soundfiles//ch1//9_52000_53000.wav,soundfiles//ch2//9_52000_53000.wav,129.5637903857718,-81
490,soundfiles//ch1//0_53000_54000.wav,soundfiles//ch2//0_53000_54000.wav,130.99649464574523,-84
491,soundfiles//ch1//1_53000_54000.wav,soundfiles//ch2//1_53000_54000.wav,53.12935468662026,77
492,soundfiles//ch1//2_53000_54000.wav,soundfiles//ch2//2_53000_54000.wav,86.07656124316117,8
493,soundfiles//ch1//3_53000_54000.wav,soundfiles//ch2//3_53000_54000.wav,166.91255151033877,-125
494,soundfiles//ch1//4_53000_54000.wav,soundfiles//ch2//4_53000_54000.wav,158.09682802641512,-119
495,soundfiles//ch1//5_53000_54000.wav,soundfiles//ch2//5_53000_54000.wav,40.000844418896655,98
496,soundfiles//ch1//6_53000_54000.wav,soundfiles//ch2//6_53000_54000.wav,50.297823474270615,82
497,soundfiles//ch1//7_53000_54000.wav,soundfiles//ch2//7_53000_54000.wav,105.28954001917933,-33
498,soundfiles//ch1//8_53000_54000.wav,soundfiles//ch2//8_53000_54000.wav,39.91285902384008,98
499,soundfiles//ch1//9_53000_54000.wav,soundfiles//ch2//9_53000_54000.wav,123.70377375493631,-71
500,soundfiles//ch1//0_54000_55000.wav,soundfiles//ch2//0_54000_55000.wav,124.56946495633898,-72
501,soundfiles//ch1//1_54000_55000.wav,soundfiles//ch2//1_54000_55000.wav,163.32189105822974,-123
502,soundfiles//ch1//2_54000_55000.wav,soundfiles//ch2//2_54000_55000.wav,6.120340478995733,127
503,soundfiles//ch1//3_54000_55000.wav,soundfiles//ch2//3_54000_55000.wav,102.84674492095337,-28
504,soundfiles//ch1//4_54000_55000.wav,soundfiles//ch2//4_54000_55000.wav,29.178153018604238,112
505,soundfiles//ch1//5_54000_55000.wav,soundfiles//ch2//5_54000_55000.wav,9.649296568903216,126
506,soundfiles//ch1//6_54000_55000.wav,soundfiles//ch2//6_54000_55000.wav,42.15693780754424,95
507,soundfiles//ch1//7_54000_55000.wav,soundfiles//ch2//7_54000_55000.wav,15.770971428109595,123
508,soundfiles//ch1//8_54000_55000.wav,soundfiles//ch2//8_54000_55000.wav,76.77170610635173,29
509,soundfiles//ch1//9_54000_55000.wav,soundfiles//ch2//9_54000_55000.wav,124.1415463099233,-72
510,soundfiles//ch1//0_55000_56000.wav,soundfiles//ch2//0_55000_56000.wav,89.63952554891091,0
511,soundfiles//ch1//1_55000_56000.wav,soundfiles//ch2//1_55000_56000.wav,47.19058673740478,87
512,soundfiles//ch1//2_55000_56000.wav,soundfiles//ch2//2_55000_56000.wav,133.14042885717984,-87
513,soundfiles//ch1//3_55000_56000.wav,soundfiles//ch2//3_55000_56000.wav,135.01136166204418,-90
514,soundfiles//ch1//4_55000_56000.wav,soundfiles//ch2//4_55000_56000.wav,145.1604348328089,-105
515,soundfiles//ch1//5_55000_56000.wav,soundfiles//ch2//5_55000_56000.wav,62.911867676650445,58
516,soundfiles//ch1//6_55000_56000.wav,soundfiles//ch2//6_55000_56000.wav,36.20598077259628,103
517,soundfiles//ch1//7_55000_56000.wav,soundfiles//ch2//7_55000_56000.wav,164.7895226451116,-124
518,soundfiles//ch1//8_55000_56000.wav,soundfiles//ch2//8_55000_56000.wav,175.2525828328658,-128
519,soundfiles//ch1//9_55000_56000.wav,soundfiles//ch2//9_55000_56000.wav,49.818853759490494,82
520,soundfiles//ch1//0_56000_57000.wav,soundfiles//ch2//0_56000_57000.wav,119.95363236549716,-64
521,soundfiles//ch1//1_56000_57000.wav,soundfiles//ch2//1_56000_57000.wav,31.819450166882806,109
522,soundfiles//ch1//2_56000_57000.wav,soundfiles//ch2//2_56000_57000.wav,31.25842771708647,109
523,soundfiles//ch1//3_56000_57000.wav,soundfiles//ch2//3_56000_57000.wav,115.76998937460417,-55
524,soundfiles//ch1//4_56000_57000.wav,soundfiles//ch2//4_56000_57000.wav,96.95876197794512,-15
525,soundfiles//ch1//5_56000_57000.wav,soundfiles//ch2//5_56000_57000.wav,104.383071025336,-31
526,soundfiles//ch1//6_56000_57000.wav,soundfiles//ch2//6_56000_57000.wav,128.2940553695663,-79
527,soundfiles//ch1//7_56000_57000.wav,soundfiles//ch2//7_56000_57000.wav,141.94857900456554,-101
528,soundfiles//ch1//8_56000_57000.wav,soundfiles//ch2//8_56000_57000.wav,122.78684795877749,-69
529,soundfiles//ch1//9_56000_57000.wav,soundfiles//ch2//9_56000_57000.wav,61.55880557223544,61
530,soundfiles//ch1//0_57000_58000.wav,soundfiles//ch2//0_57000_58000.wav,27.99983998663309,113
531,soundfiles//ch1//1_57000_58000.wav,soundfiles//ch2//1_57000_58000.wav,98.32117524447833,-18
532,soundfiles//ch1//2_57000_58000.wav,soundfiles//ch2//2_57000_58000.wav,135.5848239502249,-91
533,soundfiles//ch1//3_57000_58000.wav,soundfiles//ch2//3_57000_58000.wav,49.5598688992593,83
534,soundfiles//ch1//4_57000_58000.wav,soundfiles//ch2//4_57000_58000.wav,63.897542857560154,56
535,soundfiles//ch1//5_57000_58000.wav,soundfiles//ch2//5_57000_58000.wav,54.56126182016396,74
536,soundfiles//ch1//6_57000_58000.wav,soundfiles//ch2//6_57000_58000.wav,42.5577728778462,94
537,soundfiles//ch1//7_57000_58000.wav,soundfiles//ch2//7_57000_58000.wav,58.83223906056902,66
538,soundfiles//ch1//8_57000_58000.wav,soundfiles//ch2//8_57000_58000.wav,107.36309938370601,-38
539,soundfiles//ch1//9_57000_58000.wav,soundfiles//ch2//9_57000_58000.wav,125.83789762660025,-75
540,soundfiles//ch1//0_58000_59000.wav,soundfiles//ch2//0_58000_59000.wav,154.46171724823967,-116
541,soundfiles//ch1//1_58000_59000.wav,soundfiles//ch2//1_58000_59000.wav,88.20846483135449,4
542,soundfiles//ch1//2_58000_59000.wav,soundfiles//ch2//2_58000_59000.wav,55.52674184012908,72
543,soundfiles//ch1//3_58000_59000.wav,soundfiles//ch2//3_58000_59000.wav,107.28708031036626,-38
544,soundfiles//ch1//4_58000_59000.wav,soundfiles//ch2//4_58000_59000.wav,2.2508291486541694,128
545,soundfiles//ch1//5_58000_59000.wav,soundfiles//ch2//5_58000_59000.wav,50.20769361420091,82
546,soundfiles//ch1//6_58000_59000.wav,soundfiles//ch2//6_58000_59000.wav,121.35412311876263,-66
547,soundfiles//ch1//7_58000_59000.wav,soundfiles//ch2//7_58000_59000.wav,104.71231927623037,-32
548,soundfiles//ch1//8_58000_59000.wav,soundfiles//ch2//8_58000_59000.wav,14.647529273199265,124
549,soundfiles//ch1//9_58000_59000.wav,soundfiles//ch2//9_58000_59000.wav,65.16958277827979,53
550,soundfiles//ch1//0_6000_7000.wav,soundfiles//ch2//0_6000_7000.wav,33.49881797292045,107
551,soundfiles//ch1//1_6000_7000.wav,soundfiles//ch2//1_6000_7000.wav,43.146412581555005,93
552,soundfiles//ch1//2_6000_7000.wav,soundfiles//ch2//2_6000_7000.wav,55.81047685195457,72
553,soundfiles//ch1//3_6000_7000.wav,soundfiles//ch2//3_6000_7000.wav,35.19905491325427,105
554,soundfiles//ch1//4_6000_7000.wav,soundfiles//ch2//4_6000_7000.wav,134.17828190596205,-89
555,soundfiles//ch1//5_6000_7000.wav,soundfiles//ch2//5_6000_7000.wav,129.68184142354875,-82
556,soundfiles//ch1//6_6000_7000.wav,soundfiles//ch2//6_6000_7000.wav,142.2237897621281,-101
557,soundfiles//ch1//7_6000_7000.wav,soundfiles//ch2//7_6000_7000.wav,80.14453093948556,22
558,soundfiles//ch1//8_6000_7000.wav,soundfiles//ch2//8_6000_7000.wav,151.74748186080885,-113
559,soundfiles//ch1//9_6000_7000.wav,soundfiles//ch2//9_6000_7000.wav,4.03626357786667,128
560,soundfiles//ch1//0_7000_8000.wav,soundfiles//ch2//0_7000_8000.wav,106.3272435225702,-36
561,soundfiles//ch1//1_7000_8000.wav,soundfiles//ch2//1_7000_8000.wav,28.867238262960214,112
562,soundfiles//ch1//2_7000_8000.wav,soundfiles//ch2//2_7000_8000.wav,63.11809705191912,58
563,soundfiles//ch1//3_7000_8000.wav,soundfiles//ch2//3_7000_8000.wav,82.64150831254038,16
564,soundfiles//ch1//4_7000_8000.wav,soundfiles//ch2//4_7000_8000.wav,51.92909688432567,79
565,soundfiles//ch1//5_7000_8000.wav,soundfiles//ch2//5_7000_8000.wav,144.17812187654252,-104
566,soundfiles//ch1//6_7000_8000.wav,soundfiles//ch2//6_7000_8000.wav,160.88854598578936,-121
567,soundfiles//ch1//7_7000_8000.wav,soundfiles//ch2//7_7000_8000.wav,122.08514879621906,-68
568,soundfiles//ch1//8_7000_8000.wav,soundfiles//ch2//8_7000_8000.wav,17.854186948252373,122
569,soundfiles//ch1//9_7000_8000.wav,soundfiles//ch2//9_7000_8000.wav,65.36079221324968,53
570,soundfiles//ch1//0_8000_9000.wav,soundfiles//ch2//0_8000_9000.wav,164.49860595785285,-123
571,soundfiles//ch1//1_8000_9000.wav,soundfiles//ch2//1_8000_9000.wav,165.00877350662705,-124
572,soundfiles//ch1//2_8000_9000.wav,soundfiles//ch2//2_8000_9000.wav,159.4668021605649,-120
573,soundfiles//ch1//3_8000_9000.wav,soundfiles//ch2//3_8000_9000.wav,152.34738904254183,-113
574,soundfiles//ch1//4_8000_9000.wav,soundfiles//ch2//4_8000_9000.wav,154.72895877178738,-116
575,soundfiles//ch1//5_8000_9000.wav,soundfiles//ch2//5_8000_9000.wav,12.54270705442841,125
576,soundfiles//ch1//6_8000_9000.wav,soundfiles//ch2//6_8000_9000.wav,104.16179744008035,-31
577,soundfiles//ch1//7_8000_9000.wav,soundfiles//ch2//7_8000_9000.wav,40.44547115371773,97
578,soundfiles//ch1//8_8000_9000.wav,soundfiles//ch2//8_8000_9000.wav,138.93645250870685,-96
579,soundfiles//ch1//9_8000_9000.wav,soundfiles//ch2//9_8000_9000.wav,164.4996514867744,-123
580,soundfiles//ch1//0_9000_10000.wav,soundfiles//ch2//0_9000_10000.wav,13.472360134028094,125
581,soundfiles//ch1//1_9000_10000.wav,soundfiles//ch2//1_9000_10000.wav,44.783021923062726,91
582,soundfiles//ch1//2_9000_10000.wav,soundfiles//ch2//2_9000_10000.wav,170.71931873311567,-126
583,soundfiles//ch1//3_9000_10000.wav,soundfiles//ch2//3_9000_10000.wav,40.958626306624794,97
584,soundfiles//ch1//4_9000_10000.wav,soundfiles//ch2//4_9000_10000.wav,30.066080341070734,111
585,soundfiles//ch1//5_9000_10000.wav,soundfiles//ch2//5_9000_10000.wav,148.38676960836247,-109
586,soundfiles//ch1//6_9000_10000.wav,soundfiles//ch2//6_9000_10000.wav,164.74021263578632,-124
587,soundfiles//ch1//7_9000_10000.wav,soundfiles//ch2//7_9000_10000.wav,143.43715892150752,-103
588,soundfiles//ch1//8_9000_10000.wav,soundfiles//ch2//8_9000_10000.wav,52.34190998419066,78
589,soundfiles//ch1//9_9000_10000.wav,soundfiles//ch2//9_9000_10000.wav,69.50224553792071,45
590,soundfiles//ch1//0_recorded.wav,soundfiles//ch2//0_recorded.wav,23.168231598326116,118
591,soundfiles//ch1//1_recorded.wav,soundfiles//ch2//1_recorded.wav,3.852710222780729,128
592,soundfiles//ch1//2_recorded.wav,soundfiles//ch2//2_recorded.wav,36.753159737162086,103
593,soundfiles//ch1//3_recorded.wav,soundfiles//ch2//3_recorded.wav,14.840704486752852,124
594,soundfiles//ch1//4_recorded.wav,soundfiles//ch2//4_recorded.wav,4.3507328424392595,128
595,soundfiles//ch1//5_recorded.wav,soundfiles//ch2//5_recorded.wav,109.50795667054234,-42
596,soundfiles//ch1//6_recorded.wav,soundfiles//ch2//6_recorded.wav,87.19255541465445,6
597,soundfiles//ch1//7_recorded.wav,soundfiles//ch2//7_recorded.wav,37.06966095172801,102
598,soundfiles//ch1//8_recorded.wav,soundfiles//ch2//8_recorded.wav,138.0520389360452,-95
599,soundfiles//ch1//9_recorded.wav,soundfiles//ch2//9_recorded.wav,134.3660183364461,-89
